wavelength,sensitivity,SD
420,0.4364462395,NaN
460,0.674835503,NaN
471,1,NaN
506,0.5877415338,NaN
540,0.2792848108,NaN
560,0.0840250037,NaN
580,0.019796823,NaN
